tipo,bairro,area,quartos,banheiros,vagas,condominio,preco
Apartamento,Vicente Pinzon,75,3,2,1,0.0,420000.0
Apartamento,Aldeota,98,4,3,2,875.0,940000.0
Apartamento,Meireles,66,2,2,1,0.0,1990000.0
Apartamento,Engenheiro Luciano Cavalcante,44,1,1,1,577.0,450000.0
Apartamento,Meireles,460,5,7,5,3100.0,2500000.0
Apartamento,Meireles,253,5,6,5,0.0,4194400.0
Apartamento,Mucuripe,333,4,5,4,3000.0,3200000.0
Apartamento,Passaré,63,3,2,2,436.0,420000.0
Apartamento,de Lourdes,126,3,5,2,1236.0,720000.0
Apartamento,Meireles,310,4,6,5,4100.0,3500000.0
Apartamento,Meireles,225,3,5,4,2500.0,2800000.0
Apartamento,Fátima,130,3,5,3,1501.0,1450000.0
Apartamento,Meireles,82,2,2,2,930.0,1970000.0
Cobertura,Dionisio Torres,458,4,5,3,2600.0,2100000.0
Apartamento,Aldeota,106,2,4,2,1438.0,1145000.0
Apartamento,Meireles,227,3,5,2,2000.0,1199000.0
Apartamento,Patriolino Ribeiro,169,3,4,3,1650.0,860000.0
Apartamento,Cocó,138,4,4,3,1360.0,859000.0
Apartamento,Meireles,354,5,6,4,2500.0,3700000.0
Apartamento,Meireles,128,3,4,3,1442.0,1090000.0
Apartamento,Meireles,189,3,4,3,2800.0,1600000.0
Apartamento,Aldeota,212,4,5,2,1480.0,700000.0
Apartamento,Meireles,305,4,5,4,3300.0,1999000.0
Apartamento,Cocó,131,3,5,3,0.0,1490000.0
Apartamento,de Lourdes,88,2,3,2,740.0,900000.0
Apartamento,Presidente Kennedy,87,3,3,4,3165.0,750000.0
Apartamento,Salinas,109,3,3,2,850.0,1050000.0
Apartamento,Meireles,243,3,4,2,2934.0,1300000.0
Apartamento,Engenheiro Luciano Cavalcante,118,3,3,2,950.0,1180000.0
Apartamento,Cocó,80,3,3,2,1287.0,850000.0
Apartamento,Meireles,325,4,6,5,7500.0,4700000.0
Casa,Itaperi,285,3,3,4,0.0,450000.0
Condomínio,Sabiaguaba,148,4,5,3,1050.0,799000.0
Apartamento,Parquelândia,109,3,3,2,1100.0,460000.0
Casa,Engenheiro Luciano Cavalcante,526,6,4,6,0.0,1600000.0
Condomínio,José de Alencar,241,4,5,4,1800.0,1190000.0
Apartamento,Papicu,182,3,2,2,2532.0,870000.0
Apartamento,Benfica,68,3,2,2,737.0,690000.0
Apartamento,Meireles,65,2,1,0,0.0,910000.0
Apartamento,Meireles,235,3,3,3,2535.0,2450000.0
Apartamento,Farias Brito,80,3,2,1,710.0,280000.0
Condomínio,Cidade dos Funcionários,175,3,4,2,1300.0,1200000.0
Apartamento,Presidente Kennedy,73,3,2,2,450.0,630000.0
Apartamento,Aldeota,210,3,3,4,3165.0,3090000.0
Salas,Aldeota,61,1,0,0,1230.0,560000.0
Condomínio,de Lourdes,343,4,5,4,2300.0,3700000.0
Condomínio,de Lourdes,4000,4,6,4,2300.0,2990000.0
Apartamento,Lagoa Redonda,68,3,2,1,50.0,239900.0
Apartamento,Presidente Kennedy,103,3,3,3,754.0,520000.0
Apartamento,Cocó,97,3,4,2,876.0,510000.0
Apartamento,Meireles,378,4,5,2,2300.0,1398000.0
Apartamento,Dionisio Torres,97,4,4,2,1200.0,750000.0
Apartamento,Cocó,143,3,3,2,1550.0,450000.0
Apartamento,Aldeota,105,3,3,2,1450.0,450000.0
Apartamento,Praia de Iracema,146,4,5,2,1400.0,1300000.0
Apartamento,Engenheiro Luciano Cavalcante,72,2,2,2,680.0,685000.0
Apartamento,Aldeota,132,3,3,1,810.0,490000.0
Apartamento,Meireles,275,4,6,4,2500.0,2300000.0
Apartamento,Cocó,141,3,5,3,1330.0,800000.0
Apartamento,Patriolino Ribeiro,182,3,4,4,1666.0,1790000.0
Apartamento,Aldeota,130,3,4,2,1020.0,720000.0
Apartamento,Presidente Kennedy,55,2,1,1,0.0,460000.0
Apartamento,Farias Brito,115,4,3,1,800.0,300000.0
Apartamento,Parque Iracema,110,3,4,2,1057.0,1155000.0
Apartamento,Dionisio Torres,169,4,5,3,1450.0,800000.0
Apartamento,Presidente Kennedy,55,2,2,2,465.0,540000.0
Apartamento,Aldeota,304,4,6,4,3650.0,1600000.0
Apartamento,Fátima,88,3,3,2,957.0,440000.0
Apartamento,Engenheiro Luciano Cavalcante,123,3,3,3,700.0,1439000.0
Apartamento,Meireles,164,3,4,2,1313.0,1500000.0
Apartamento,Engenheiro Luciano Cavalcante,146,3,4,3,1175.0,1619900.0
Apartamento,Aldeota,106,4,5,4,1180.0,1050000.0
Apartamento,Fátima,130,3,5,4,1600.0,1400000.0
Apartamento,Manoel Dias Branco,163,4,1,3,850.0,1871000.0
Apartamento,Mucuripe,93,3,3,2,710.0,550000.0
Apartamento,Cocó,210,3,4,4,1960.0,2000000.0
Triplex,Meireles,128,4,4,2,1500.0,980000.0
Apartamento,Meireles,438,4,5,5,4250.0,4420000.0
Apartamento,Meireles,219,4,6,4,2900.0,1199000.0
Apartamento,Aldeota,311,4,5,5,2477.0,4440000.0
Apartamento,Meireles,415,5,7,7,4200.0,5500000.0
Apartamento,Vicente Pinzon,200,4,5,3,2235.0,1300000.0
Apartamento,Meireles,261,3,5,3,1950.0,1890000.0
Apartamento,Meireles,199,3,5,2,1799.0,820000.0
Apartamento,Patriolino Ribeiro,212,3,5,4,1670.0,1300000.0
Apartamento,Meireles,166,4,4,2,1050.0,690000.0
Apartamento,Centro,106,3,3,1,800.0,270000.0
Apartamento,Patriolino Ribeiro,182,3,4,4,1666.0,1790000.0
Apartamento,Cocó,134,3,3,2,1200.0,700000.0
Apartamento,Cocó,220,4,1,4,1500.0,4400000.0
Apartamento,Meireles,401,4,6,5,3830.0,5900000.0
Apartamento,Engenheiro Luciano Cavalcante,82,3,3,2,712.0,750000.0
Apartamento,Patriolino Ribeiro,212,3,5,4,1670.0,1300000.0
Apartamento,Passaré,47,2,2,1,350.0,350000.0
Apartamento,Meireles,150,3,5,2,1650.0,850000.0
Apartamento,Praia do Futuro ||,35,1,1,1,640.0,375000.0
Apartamento,Aldeota,150,3,4,2,1400.0,799000.0
Apartamento,Cocó,134,3,4,2,1200.0,500000.0
Apartamento,Meireles,174,4,5,2,1890.0,1100000.0
Apartamento,Aldeota,195,3,5,3,1839.0,950000.0
Apartamento,Cambeba,83,3,2,2,750.0,485000.0
Apartamento,Fátima,130,3,5,4,1600.0,1400000.0
Apartamento,Cambeba,62,3,2,1,382.0,410000.0
Apartamento,Centro,106,3,3,1,800.0,260000.0
Apartamento,Centro,106,3,3,1,800.0,270000.0
Hotel,Praia do Futuro ||,800,16,18,14,0.0,2200000.0
Apartamento,Engenheiro Luciano Cavalcante,146,3,4,3,1175.0,1619900.0
Apartamento,Meireles,164,3,4,2,1313.0,1500000.0
Apartamento,Mucuripe,602,4,5,8,0.0,15900000.0
Apartamento,Fátima,71,2,2,1,650.0,530000.0
Apartamento,Mucuripe,208,3,5,3,2400.0,2899900.0
Apartamento,Aldeota,111,3,3,1,1000.0,240000.0
Apartamento,Meireles,182,3,5,4,3000.0,850000.0
Apartamento,Vicente Pinzon,200,4,5,3,2235.0,1300000.0
Apartamento,Dionisio Torres,118,4,4,2,1025.0,1180000.0
Apartamento,Centro,106,3,3,1,800.0,270000.0
Apartamento,Patriolino Ribeiro,182,3,4,4,1666.0,1790000.0
Cobertura,Aldeota,342,4,6,3,3000.0,800000.0
Apartamento,Cocó,134,3,3,2,1200.0,700000.0
Hotel,Praia do Futuro ||,800,16,18,14,0.0,2200000.0
Apartamento,Cocó,220,4,1,4,1500.0,4400000.0
Apartamento,Meireles,401,4,6,5,3830.0,5900000.0
Apartamento,Engenheiro Luciano Cavalcante,82,3,3,2,712.0,750000.0
Apartamento,Meireles,136,3,5,3,1077.0,800000.0
Apartamento,Dionisio Torres,152,3,4,3,1455.0,1100000.0
Apartamento,Mucuripe,137,4,4,2,1026.0,550000.0
Apartamento,Engenheiro Luciano Cavalcante,74,3,3,2,780.0,740000.0
Apartamento,Parque Iracema,57,2,2,1,587.0,642000.0
Apartamento,Meireles,806,5,6,5,4500.0,3800000.0
Apartamento,Aldeota,172,3,3,2,2463.0,700000.0
Apartamento,Meireles,80,2,3,1,1128.0,570000.0
Apartamento,Aldeota,117,3,4,3,1692.0,1365000.0
Apartamento,Meireles,198,4,5,3,2100.0,1350000.0
Apartamento,Meireles,213,4,5,2,2000.0,1100000.0
Casa,São João do Tauape,354,4,3,4,0.0,480000.0
Duplex,Meireles,426,5,7,5,3500.0,4500000.0
Casa,Vicente Pinzon,396,4,4,0,0.0,890000.0
Casa,Sapiranga,334,6,6,4,1900.0,700000.0
Casa,Jardim Iracema,68,4,4,2,0.0,350000.0
Casa,Cocó,528,4,6,5,0.0,1782000.0
Casa,Edson Queiroz,360,4,4,3,0.0,790000.0
Apartamento,Patriolino Ribeiro,152,4,5,4,1300.0,1500000.0
Casa,Parque Manibura,520,6,7,10,0.0,1400000.0
Apartamento,Dionisio Torres,114,3,4,3,1374.0,720000.0
Casa,Dionisio Torres,363,4,4,5,0.0,950000.0
Casa,Parque Araxá,435,7,3,5,0.0,1050000.0
Apartamento,Manoel Dias Branco,145,3,4,3,1264.0,1450000.0
Apartamento,Centro,100,3,1,2,878.0,810000.0
Casa,Aldeota,127,3,5,1,0.0,950000.0
Apartamento,Cocó,113,3,4,3,1000.0,620000.0
Apartamento,Dionisio Torres,118,3,4,3,1100.0,950000.0
Apartamento,Cocó,136,3,3,1,832.0,450000.0
Apartamento,Montese,86,3,2,2,554.0,260000.0
Duplex,Sapiranga,164,4,5,5,0.0,600000.0
Casa,Centro,776,10,10,4,0.0,2800000.0
Casa,Lagoa Redonda,145,2,3,2,0.0,325000.0
Condomínio,Edson Queiroz,202,5,6,4,1800.0,1100000.0
Casa,Engenheiro Luciano Cavalcante,881,5,5,8,0.0,4500000.0
Apartamento,Meireles,339,4,6,6,3260.0,4200000.0
Casa,Dionisio Torres,620,6,4,4,0.0,1800000.0
Apartamento,Meireles,122,2,2,1,580.0,648000.0
Apartamento,Engenheiro Luciano Cavalcante,292,4,5,4,1950.0,2600000.0
Casa,José de Alencar,340,4,4,4,0.0,640000.0
Casa,Parquelândia,523,5,6,6,0.0,3000000.0
Apartamento,Dunas,163,4,1,3,1410.0,1871000.0
Condomínio,Edson Queiroz,2523,3,4,2,1300.0,497000.0
Prédio inteiro,Benfica,750,6,12,0,170.0,3000000.0
Condomínio,Lagoa Redonda,192,3,4,2,1290.0,898000.0
Casa,João Xxiii,572,1,1,0,0.0,1100000.0
Apartamento,Damas,69,3,3,1,430.0,239000.0
Apartamento,Dionisio Torres,160,3,5,3,1500.0,800000.0
Casa,Engenheiro Luciano Cavalcante,396,3,6,4,0.0,850000.0
Apartamento,Aldeota,150,3,3,3,1585.0,1195000.0
Condomínio,José de Alencar,277,1,4,3,1900.0,1300000.0
Apartamento,Patriolino Ribeiro,146,3,4,3,1203.0,1650000.0
Casa,José de Alencar,864,4,3,6,0.0,999000.0
Apartamento,Meireles,197,4,5,4,2500.0,1600000.0
Casa,Montese,396,3,4,0,0.0,550000.0
Apartamento,Parque Dois Irmãos,59,3,2,1,450.0,325000.0
Casa,Vicente Pinzon,396,4,4,2,0.0,515000.0
Apartamento,José Bonifácio,90,3,3,2,780.0,890000.0
Prédio inteiro,Centro,550,11,0,0,0.0,3200000.0
Casa,Messejana,480,4,7,5,0.0,1200000.0
Condomínio,Sapiranga,259,4,3,2,900.0,590000.0
Apartamento,Patriolino Ribeiro,146,3,4,3,1202.0,1500000.0
Casa,Sapiranga,162,2,3,2,0.0,550000.0
Apartamento,Meireles,56,2,2,1,512.0,715000.0
Apartamento,Meireles,213,4,4,2,2000.0,1000000.0
Casa,Passaré,150,4,4,2,0.0,420000.0
Apartamento,Patriolino Ribeiro,243,4,5,4,3200.0,1200000.0
Casa,Joaquim Távora,454,15,16,2,0.0,1078000.0
Sobrado,Sapiranga,375,5,5,5,0.0,700000.0
Apartamento,Meireles,213,3,4,4,2600.0,1299000.0
Apartamento,Meireles,213,4,5,4,2100.0,1100000.0
Casa,Cidade dos Funcionários,180,4,4,3,0.0,580000.0
Apartamento,Mucuripe,128,3,4,2,1050.0,430000.0
Casa,Conjunto Ceará I,242,8,5,2,0.0,550000.0
Casa,Edson Queiroz,150,4,2,2,0.0,390000.0
Apartamento,Dionisio Torres,50,2,2,1,0.0,640000.0
Prédio inteiro,Presidente Kennedy,3696,18,12,0,0.0,3636000.0
Apartamento,Aldeota,201,4,6,3,2140.0,1699000.0
Apartamento,Meireles,179,4,5,2,1850.0,950000.0
Apartamento,Aldeota,184,3,4,3,1826.0,999900.0
Apartamento,Passaré,54,3,2,2,397.0,320000.0
Apartamento,Aldeota,176,4,5,2,1850.0,890000.0
Casa,Engenheiro Luciano Cavalcante,1749,3,6,10,0.0,2500000.0
Prédio inteiro,Dionisio Torres,324,2,0,0,0.0,2000000.0
Casa,Centro,130,4,3,1,0.0,428000.0
Apartamento,Aldeota,123,3,3,2,1100.0,580000.0
Casa,José de Alencar,121,3,2,4,0.0,600000.0
Casa,Aldeota,366,4,4,6,0.0,1150000.0
Apartamento,Manoel Dias Branco,116,4,3,2,820.0,1280000.0
Apartamento,Dionisio Torres,250,4,6,2,2500.0,830000.0
Condomínio,Parque Iracema,108,5,5,4,0.0,550000.0
Apartamento,Meireles,57,2,1,1,800.0,865000.0
Apartamento,Dionisio Torres,119,3,1,2,0.0,1800000.0
Apartamento,Parquelândia,79,3,2,2,400.0,750000.0
Duplex,Meireles,81,2,3,1,1228.0,540000.0
Salas,Joaquim Távora,25,1,0,0,358.0,110000.0
Condomínio,de Lourdes,348,4,6,4,2080.0,2890000.0
Apartamento,Praia do Futuro Ii,125,3,3,1,650.0,280000.0
Apartamento,Aldeota,123,3,3,2,0.0,630000.0
Apartamento,Boa Vista,46,2,2,1,370.0,199000.0
Apartamento,Cocó,85,3,2,1,680.0,240000.0
Apartamento,Cocó,125,3,4,2,1400.0,440000.0
Apartamento,Cocó,344,5,4,5,4667.0,5500000.0
Casa,Manoel Dias Branco,477,3,3,4,0.0,870000.0
Apartamento,Aldeota,37,1,1,1,0.0,470000.0
Apartamento,Presidente Kennedy,53,2,2,1,400.0,440000.0
Casa,Messejana,228,3,2,2,0.0,330000.0
Casa,Fátima,579,4,3,6,0.0,1350000.0
Casa,Aldeota,295,9,7,2,0.0,3200000.0
Apartamento,Fátima,105,3,3,2,1000.0,599900.0
Prédio inteiro,Centro,467,7,2,0,0.0,1200000.0
Condomínio,Engenheiro Luciano Cavalcante,126,5,4,3,850.0,520000.0
Casa,Joaquim Távora,253,4,3,4,0.0,620000.0
Apartamento,Meireles,159,3,3,2,2700.0,800000.0
Apartamento,Praia do Futuro I,156,4,4,2,850.0,330000.0
Apartamento,Joaquim Távora,124,3,2,2,1200.0,330000.0
Apartamento,Meireles,285,3,5,4,2650.0,3150000.0
Casa,Cocó,300,3,4,2,0.0,1600000.0
Condomínio,Parque Dois Irmãos,104,2,3,2,600.0,400000.0
Apartamento,Cocó,125,3,4,2,1300.0,585000.0
Apartamento,Jardim América,77,3,2,1,622.0,350000.0
Apartamento,Cocó,127,3,4,1,1400.0,450000.0
Apartamento,Praia de Iracema,28,1,1,0,0.0,450891.0
Casa,Vicente Pinzon,122,3,5,3,0.0,450000.0
Casa,Meireles,411,5,5,6,0.0,2000000.0
Apartamento,Fátima,120,3,4,2,1050.0,590000.0
Apartamento,Centro,70,2,2,1,800.0,235000.0
Cobertura,Meireles,102,2,3,1,1293.0,899900.0
Salas,Cocó,54,1,2,0,1200.0,850000.0
Apartamento,Meireles,119,3,4,2,800.0,520000.0
Apartamento,Mondubim,44,2,1,1,400.0,174800.0
Apartamento,Meireles,131,4,4,2,1700.0,750000.0
Apartamento,Papicu,110,3,4,1,900.0,340000.0
Apartamento,Meireles,100,3,4,4,1200.0,1200000.0
Apartamento,Boa Vista,40,2,1,1,300.0,185000.0
Apartamento,Dendê,43,2,1,1,240.0,245000.0
Apartamento,Meireles,64,2,2,2,800.0,715000.0
Apartamento,Centro,113,3,3,1,1350.0,320000.0
Casa,Engenheiro Luciano Cavalcante,344,4,4,3,0.0,720000.0
Apartamento,Meireles,231,4,5,2,1970.0,1150000.0
Apartamento,Papicu,139,3,4,2,1300.0,530000.0
Casa,Sapiranga,150,3,3,1,0.0,690000.0
Apartamento,Engenheiro Luciano Cavalcante,146,3,4,3,1175.0,1990000.0
Apartamento,Meireles,143,3,4,2,1350.0,715000.0
Apartamento,Praia de Iracema,28,1,1,0,0.0,450891.0
Apartamento,Sapiranga,66,3,1,2,630.0,230000.0
Hotel,Praia do Futuro ||,800,16,18,14,0.0,2200000.0
Condomínio,José de Alencar,186,5,6,3,950.0,800000.0
Apartamento,Aldeota,94,2,3,2,930.0,560000.0
Apartamento,Jacarecanga,104,3,3,1,1000.0,290000.0
Apartamento,Aldeota,170,4,4,3,1500.0,890000.0
Apartamento,Dionisio Torres,207,4,4,2,1350.0,560000.0
Apartamento,Cocó,83,3,1,2,750.0,910000.0
Apartamento,Meireles,131,4,4,2,1700.0,750000.0
Apartamento,Boa Vista,40,2,1,1,300.0,185000.0
Condomínio,Boa Vista,103,3,3,4,350.0,380000.0
Apartamento,Meireles,100,3,4,4,1200.0,1200000.0
Casa,de Lourdes,600,3,3,10,0.0,2500000.0
Apartamento,Sapiranga,66,3,1,2,630.0,230000.0
Apartamento,Meireles,302,4,6,4,3080.0,2300000.0
Apartamento,Dendê,43,2,1,1,240.0,245000.0
Apartamento,Meireles,64,2,2,2,800.0,715000.0
Apartamento,Centro,113,3,3,1,1350.0,320000.0
Apartamento,José de Alencar,83,4,4,2,495.0,350000.0
Casa,Parquelândia,770,4,4,8,0.0,1499000.0
Apartamento,Papicu,139,3,4,2,1300.0,530000.0
Casa,Aldeota,502,3,5,4,0.0,1800000.0
Apartamento,Aldeota,111,3,3,2,1400.0,630000.0
Apartamento,Meireles,231,4,5,2,1970.0,1150000.0
Apartamento,Mucuripe,272,4,5,2,2300.0,1600000.0
Terreno,Parangaba,429,0,0,0,0.0,500000.0
Apartamento,Aldeota,170,4,4,3,1500.0,890000.0
Apartamento,Aldeota,94,2,3,2,930.0,560000.0
Apartamento,Dionisio Torres,207,4,4,2,1350.0,560000.0
Apartamento,Jacarecanga,104,3,3,1,1000.0,290000.0
Terreno,Aracapé,528,0,0,0,0.0,450000.0
Apartamento,Meireles,111,3,3,1,890.0,650000.0
Loja,Meireles,36,0,0,0,441.0,190000.0
Apartamento,Cocó,83,3,1,2,750.0,910000.0
Cobertura,Meireles,500,4,6,5,3500.0,7000000.0
Apartamento,Engenheiro Luciano Cavalcante,211,4,6,3,1650.0,848000.0
Apartamento,Aldeota,120,4,2,2,1334.0,405000.0
Casa,Parque Manibura,429,3,3,3,0.0,700000.0
Casa,Papicu,1092,4,6,5,0.0,2200000.0
Cobertura,Praia do Futuro I,340,5,4,6,1400.0,1274000.0
Condomínio,Mondubim,147,5,2,2,0.0,700000.0
Condomínio,Paupina,66,2,2,1,297.0,240000.0
Apartamento,Parreão,52,3,2,2,300.0,280000.0
Prédio inteiro,Montese,155,5,5,0,0.0,800000.0
Apartamento,Meireles,62,2,2,1,1568.0,500000.0
Apartamento,Meireles,84,3,2,1,1300.0,299000.0
Apartamento,Patriolino Ribeiro,143,3,3,4,1847.0,849900.0
Condomínio,Cambeba,313,3,5,4,1000.0,800000.0
Apartamento,Aldeota,189,4,5,2,1670.0,799000.0
Apartamento,Engenheiro Luciano Cavalcante,110,3,4,2,800.0,1050000.0
Apartamento,Dionisio Torres,119,3,4,2,0.0,1500000.0
Apartamento,Papicu,107,4,3,1,850.0,350000.0
Casa,Sapiranga,260,4,4,5,0.0,550000.0
Apartamento,Meireles,53,1,1,1,650.0,360000.0
Casa,Parque Manibura,429,3,3,3,0.0,700000.0
Apartamento,Meireles,62,2,2,1,1568.0,500000.0
Apartamento,Aldeota,158,4,5,2,980.0,700000.0
Apartamento,Meireles,819,5,7,10,4700.0,14000000.0
Apartamento,Parreão,1244,2,1,1,7600.0,3100000.0
Condomínio,Cajazeiras,360,3,1,2,400.0,780000.0
Apartamento,Meireles,238,3,4,2,1600.0,1800000.0
Casa,Benfica,475,4,6,6,0.0,1900000.0
Apartamento,Vicente Pinzon,118,3,4,2,1090.0,430000.0
Apartamento,Montese,85,3,2,1,440.0,260000.0
Apartamento,Parreão,82,3,3,2,459.0,289000.0
Terreno,São João do Tauape,675,0,0,0,0.0,1900000.0
Casa,Manoel Dias Branco,477,5,6,3,0.0,999000.0
Apartamento,Aldeota,64,3,2,1,630.0,560000.0
Apartamento,Papicu,78,2,3,1,0.0,300000.0
Apartamento,Damas,86,3,2,1,300.0,250000.0
Casa,Sapiranga,260,4,4,5,0.0,550000.0
Apartamento,Meireles,58,2,2,1,0.0,940000.0
Apartamento,Meireles,26,1,1,1,484.0,460000.0
Apartamento,Papicu,117,3,3,1,883.0,300000.0
Casa,Joaquim Távora,396,7,7,3,0.0,989000.0
Casa,Lagoa Redonda,166,3,3,2,0.0,450000.0
Salas,Aldeota,36,1,1,0,700.0,820000.0
Apartamento,Meireles,26,1,1,1,484.0,460000.0
Terreno,São João do Tauape,675,0,0,0,0.0,1900000.0
Apartamento,Joaquim Távora,91,3,2,1,802.0,265000.0
Casa,Montese,377,5,5,7,0.0,950000.0
Terreno,Praia de Iracema,156,0,0,0,0.0,360000.0
Apartamento,Joaquim Távora,197,3,5,2,1200.0,590000.0
Apartamento,Meireles,87,3,3,1,800.0,290000.0
Salas,Dionisio Torres,34,1,1,0,440.0,520000.0
Casa,Monte Castelo,196,3,5,2,0.0,770000.0
Apartamento,Mucuripe,57,2,2,1,1280.0,500000.0
Casa,Cidade dos Funcionários,156,2,3,2,0.0,420000.0
Casa,Monte Castelo,166,3,2,1,0.0,500000.0
Apartamento,Mucuripe,53,2,2,2,0.0,840000.0
Apartamento,Messejana,74,3,2,1,835.0,290000.0
Casa,Boa Vista,106,3,2,2,0.0,350000.0
Apartamento,Mondubim,55,3,2,1,307.0,370000.0
Apartamento,Meireles,319,3,4,5,3600.0,2990000.0
Duplex,Aldeota,60,1,1,1,0.0,920000.0
Apartamento,Jacarecanga,48,2,1,1,450.0,265000.0
Apartamento,Meireles,137,4,4,2,1300.0,670000.0
Apartamento,Aldeota,176,4,4,2,1730.0,920000.0
Apartamento,Paupina,41,2,1,1,346.0,180000.0
Apartamento,Centro,55,2,2,1,494.0,430000.0
Apartamento,Antônio Bezerra,107,3,2,2,350.0,300000.0
Apartamento,Paupina,48,3,1,1,350.0,190000.0
Apartamento,Aldeota,123,3,2,1,398.0,450000.0
Salas,Cocó,54,1,2,0,1200.0,850000.0
Terreno,São João do Tauape,675,0,0,0,0.0,1900000.0
Apartamento,Meireles,123,2,2,2,1200.0,580000.0
Apartamento,Papicu,78,2,3,2,680.0,290000.0
Apartamento,Meireles,129,4,3,2,1100.0,650000.0
Apartamento,Cocó,98,3,3,2,804.0,930000.0
Terreno,Praia de Iracema,156,0,0,0,0.0,360000.0
Apartamento,Meireles,312,4,6,4,3400.0,3400000.0
Apartamento,Vicente Pinzon,107,3,2,1,850.0,350000.0
Casa,Edson Queiroz,180,3,4,3,0.0,550000.0
Casa,Fátima,239,8,8,7,0.0,1800000.0
Condomínio,Maraponga,141,4,4,1,380.0,590000.0
Casa,Cidade dos Funcionários,156,2,3,2,0.0,420000.0
Casa,Monte Castelo,166,3,2,1,0.0,500000.0
Apartamento,de Lourdes,61,2,2,2,500.0,489000.0
Apartamento,Mucuripe,53,2,2,2,0.0,840000.0
Casa,Boa Vista,106,3,2,2,0.0,350000.0
Sobrado,Lagoa Redonda,4035,4,5,10,0.0,850000.0
Casa,São Bento,162,3,3,3,0.0,370000.0
Duplex,Aldeota,60,1,1,1,0.0,920000.0
Loja,Aldeota,51,0,0,0,4000.0,300000.0
Sobrado,Lagoa Redonda,4035,4,5,10,0.0,850000.0
Salas,Aldeota,36,1,1,0,851.0,890000.0
Casa,Pici,194,3,3,1,0.0,650000.0
Terreno,de Lourdes,390,6,7,4,0.0,2450000.0
Apartamento,Aldeota,38,1,1,1,0.0,650000.0
Apartamento,Manoel Dias Branco,116,4,3,2,994.0,1450000.0
Condomínio,Manoel Dias Branco,137,3,4,3,700.0,480000.0
Apartamento,Dionisio Torres,50,2,2,1,522.0,700000.0
Salas,Meireles,35,1,0,0,620.0,298000.0
Apartamento,Damas,80,3,2,1,510.0,250000.0
Casa,Sapiranga,360,3,3,6,0.0,450000.0
Casa,São Bento,200,3,3,2,0.0,385000.0
Casa,Benfica,301,3,4,3,0.0,350000.0
Apartamento,Joaquim Távora,110,3,4,4,0.0,916897.0
Apartamento,Fátima,109,3,3,1,738.0,230000.0
Apartamento,Antônio Bezerra,107,3,2,2,350.0,300000.0
Casa,Vicente Pinzon,435,6,8,4,0.0,1350000.0
Apartamento,Paupina,48,3,1,1,350.0,190000.0
Casa,Vila União,250,4,3,4,0.0,495000.0
Terreno,Parque Manibura,369,0,0,0,0.0,900000.0
Apartamento,Aldeota,123,3,2,1,398.0,450000.0
Casa,Cocó,300,3,4,5,0.0,840000.0
Terreno,Joaquim Távora,2904,0,0,0,0.0,12196800.0
Apartamento,Joaquim Távora,78,3,3,2,0.0,954660.0
Apartamento,de Lourdes,61,2,2,2,500.0,489000.0
Casa,Edson Queiroz,180,3,4,3,0.0,550000.0
Apartamento,Montese,69,3,2,1,540.0,210000.0
Apartamento,Praia do Futuro I,134,3,3,1,650.0,236000.0
Casa,Parque Manibura,280,3,3,4,0.0,900000.0
Casa,Vila União,324,5,3,6,0.0,750000.0
Condomínio,Maraponga,141,4,4,1,380.0,590000.0
Salas,Centro,25,1,0,0,500.0,70000.0
Salas,Meireles,36,1,1,0,695.0,540000.0
Apartamento,Meireles,39,1,0,0,0.0,610000.0
Casa,Damas,1140,4,5,5,0.0,1450000.0
Terreno,Aldeota,1155,0,0,0,0.0,3200000.0
Casa,Centro,143,2,0,0,0.0,480000.0
Terreno,Lagoa Redonda,1761,0,0,0,0.0,1761000.0
Galpão,Passaré,1752,1,5,0,0.0,2800000.0
Terreno,Praia do Futuro I,1950,0,0,0,0.0,1560000.0
Condomínio,Praia do Futuro ||,280,3,3,4,0.0,4300000.0
Loteamento,Engenheiro Luciano Cavalcante,503,0,0,0,0.0,600000.0
Apartamento,Aldeota,39,1,1,1,0.0,445000.0
Salas,Cocó,27,1,1,0,510.0,300000.0
Loteamento,Engenheiro Luciano Cavalcante,503,0,0,0,0.0,600000.0
Terreno,Engenheiro Luciano Cavalcante,910,0,0,0,0.0,1500000.0
Prédio inteiro,Montese,155,5,5,0,0.0,800000.0
Terreno,Parangaba,429,0,0,0,0.0,500000.0
Terreno,Aracapé,528,0,0,0,0.0,450000.0
Salas,Aldeota,36,1,1,0,700.0,820000.0
Apartamento,Meireles,193,3,4,2,1400.0,800000.0
Loja,Aldeota,51,0,0,0,4000.0,300000.0
Salas,Aldeota,36,1,1,0,851.0,890000.0
Apartamento,Meireles,192,3,2,2,1500.0,800000.0
Salas,Meireles,35,1,0,0,620.0,298000.0
Apartamento,Monte Castelo,94,3,3,1,590.0,260000.0
Salas,Dionisio Torres,34,1,1,0,440.0,520000.0
Salas,Centro,25,1,0,0,500.0,70000.0
Sobrado,de Lourdes,800,4,5,4,0.0,2990000.0
Salas,Cocó,27,1,1,0,510.0,300000.0
Salas,Centro,76,1,0,0,590.0,220000.0
Casa,Centro,143,2,0,0,0.0,480000.0
Apartamento,Meireles,57,2,2,1,0.0,1180000.0
Terreno,Messejana,452,0,0,0,0.0,900000.0
Galpão,Passaré,1752,1,5,0,0.0,2800000.0
Terreno,Engenheiro Luciano Cavalcante,2720,0,0,0,0.0,2000000.0
Terreno,Fátima,500,0,0,0,0.0,1100000.0
Galpão,Montese,126,2,0,0,0.0,380000.0
